pk_tempo;invoice_date;day;month;year
0cad2452419cbc02fc28a0de5a94c700eb53db09ee3ae3dab63dd831fad86b4c;2017-04-14;14;4;2017
4db2785a3d08d50bb91004db919041be36837eb2f2c97213c58071f72202d797;2019-01-15;15;1;2019
af5be66806c50f4b2a5fb0c89e4afc24c2ddf1535a67b8d693540d3d72f49039;2018-09-03;3;9;2018
a72c10678cd17f74b2805936502042b57b7a33ffe3843dd39100aebb22e79bc2;2017-04-22;22;4;2017
03b71b5ecd975390d5ddd429a2052656306fb9e9301cc45efdaf518f4998dc6f;2018-05-05;5;5;2018
0cf8149e43d2d3a9168af49654661309c0d4dce6b7d38e9ced5377fd37e40ec0;2019-01-02;2;1;2019
59487e229fa9881d833c7f3d75bc52b660593d1b2a28218a3fe3580f5444eed0;2018-02-19;19;2;2018
e2e2300bddb451f22795314b6868e3bf7c59ae7d244516db903c814d7c4fa676;2018-12-12;12;12;2018
e98588d282ab326c9e4e0a8b905b1865ffabe1652b384b05781ddc5a7fd1164e;2018-01-29;29;1;2018
117f729e2d961c5b2cf876245f98db419e401be6aa5d1ef6a56b4c597c44cd92;2017-10-15;15;10;2017
464ca6d2902fe49f3c5280826c9024a6bc99416d392ef72b5e9312be7d2bd3ad;2018-08-14;14;8;2018
e992ceb97b41e80f2aac0e403c43e84d1e54e579529079cbe7385216a7ce4dfe;2018-06-12;12;6;2018
06693eee10dc3ff8d422c1bd2d5e96dd8e6aea17c94723ad937f5a776493886f;2019-01-17;17;1;2019
2df213ca9b3e7ac28fcfb99fcfc170c01ee14466af717fe24cb607c3d7c83a04;2018-05-30;30;5;2018
24d149ccd40dd6afff64f32ce38004548ab05817d5d5c0d53d35f3e4ee177463;2019-03-03;3;3;2019
e1cf944cad1a20266043ed583e964c11bfaebc0c0a1184fed867e314fcd29ada;2018-06-06;6;6;2018
878dcc5e72d642a0c8c3bc495eaa7a35ea94924f01bdc81940fc3eb884d7ea0c;2017-02-01;1;2;2017
8a535ad59834ea3f4eaf9c15c41c3ed31eeb21e6aeb23ea9ecd159fd3fbbe6ca;2019-02-26;26;2;2019
c1f1ec16acfcca7d7e111b8b911bb17c0317c609beacf372039dbfa8d88532b6;2017-11-30;30;11;2017
b4ec886761d99ac7092b531699e95f3b850446cc560a98104a689c16d1c47352;2017-05-10;10;5;2017
8b68b2ab516fed8814a60084374cd2d7180fafbabfe283cde7e395b096a2fd19;2018-09-15;15;9;2018
13ce40647ed94f606d9f1366cce5fdcf66713059d963e7db22f781c51cddffce;2017-05-19;19;5;2017
19e651c0da450a38b01ee806a4967bfb6be2873f9d9007776c38c2c81ba06dea;2018-10-29;29;10;2018
5ccd38792fce53ce3f1b62d9496488245b63004545ce62b50bcb8301c6fb301e;2017-11-22;22;11;2017
87a837e894a5547d770634f44b1d822b031f4f123ee2bbb172c4703b07d65fa8;2018-10-15;15;10;2018
f1c7321e850312522e477c9e5cb46f22ae019da00c12f1febc7ad8b1d5fbcdb5;2017-01-21;21;1;2017
a5d1ea136cf2dbde711ba8aab03ac27a60db19cb33198c258068d4b234f3d459;2018-10-08;8;10;2018
f17c3af3c15782f76e51b56041be239a368b34b3d522770d56e8647fe5c55bf5;2018-12-01;1;12;2018
477ecfa48f7cef966c6c1123a46ba57747f7df25d201af8677bdd482222e77c3;2018-07-16;16;7;2018
19f80edfcb896cf585a508b2392dcf385524b5aa1d1d51296f848668b81c7cf3;2017-09-10;10;9;2017
9a433b64991f4a133ff60fceed4677572812f613df5cacd34ad9d307d3b88214;2017-02-18;18;2;2017
0b2db45243978839350953e29fdb6c71e4cc1c1598e43e20a364bd9dfb69f996;2018-03-06;6;3;2018
a3282324043cd1e8c95eb441c78c1c1ac40bff5258562bd926ac2cb0e9ca8875;2018-12-08;8;12;2018
686310b2e4ed45c0dc79bb6016769e0fd14379c90421eb14a98d29138b5e2d40;2018-03-10;10;3;2018
8d0e8b79a8a15f329ab0475cf2539b5f49b0e18e4bc420c2970d221befcaccaf;2018-07-22;22;7;2018
30589ecd58ad83ef94ea91386b20a1803827d86e92e60e7c55c1c5443fe7c386;2018-11-21;21;11;2018
9a6a2b3df9e99b1987f6e3e0bbb85d46733ffbd40b3125f3566da54cb603b276;2019-01-10;10;1;2019
cf9d69bc044d30b20b2072b6ca64bbdd3a30b732c5d01cf163e1d83dce2c19a8;2018-11-06;6;11;2018
c6cc671685daf4113b357dd2d5cc72118d4072c98c6db5e2c65027484b7f9fed;2017-10-01;1;10;2017
5c6d07b8ed3ee5bee7861f86ec15c904688cf7b204038448f4a943675f2bc9b6;2018-01-15;15;1;2018
f3772f90cafc4f935195c3507ce31c3ed0a92977c6cc498ef8bde3e74eb23b04;2017-11-04;4;11;2017
74d396ad66f862a578fd4a8e9ae3a5af36f90ae5e24bc4866b84b94476d3b8ae;2018-02-12;12;2;2018
193042eacc79d6bfcd828a2f686868f9b6617b528e0fe49d1f659628ba015469;2017-11-24;24;11;2017
8970f5ea1bc2cc26b1535beb8310911cefc64c9f266ffff7af6382fc2c847b74;2018-07-21;21;7;2018
e4a460acd2fffdbcb7035384044b102cff54408340c89f17e0ebd40d37235024;2017-10-25;25;10;2017
580f6c202102a57af46c642c0a706eca9b28ce5d9f4afe0b77eca8f7c9b1ee56;2017-04-08;8;4;2017
2a31103ab6cff2604b7e291448cb0f801a388987475975116c7df68377df662d;2017-05-26;26;5;2017
e8376249464900a8e0a4b250e6035c49d00fdc6c2e02ab813945be8e3103ba0c;2018-04-14;14;4;2018
a66131c7171afa9e4832ce80ca9fe95b1c96f4ab74c3705614d5f26f3bc1300a;2019-02-14;14;2;2019
e64a22c3e60d26091809b84f8e7883017e165297d18522d4f0d0b41f94864840;2018-02-18;18;2;2018
57ede288d1f9da128d2071c064e78f4a05aac0c7e3238521c33fa4effb272911;2019-02-11;11;2;2019
22116c04ae5529c46ebe8fa3ca61c0ad794ac9b033fa915ebb5ecd83a68aa518;2018-12-03;3;12;2018
326a703aa78349ffcb20e4dd052a1b56e402e826ecb188c4aed7df940c48d429;2017-08-24;24;8;2017
541179504316c94054f73cc53fcde149c0babbb414f7b852965fa976d899ad1b;2017-03-22;22;3;2017
e68cbd805a04d2ededf46ca4cf38096030053da3b5491d497c49d054733de4e7;2019-03-14;14;3;2019
2dd46d6dca06b6353ad955b6164866ec908e6e111de46c7035951673b72f909b;2018-09-12;12;9;2018
1402e1ad1a106f3c2aab4b0a70a805cffb5fad177c6b3e808ef7771f1a8de9fa;2018-12-04;4;12;2018
e4e99bd673a737296cb7a0c5c472e3cf3740989caa70d1727158846556ffa497;2018-03-13;13;3;2018
3949af5fcd42c6d2cc0343226a51bcc878659b3884d126266f5b4acd28c2a036;2017-05-17;17;5;2017
b7edbda9878b1cfce5e6a6eb925694fc6ea60b361294a02fea63db22cb74c1f4;2017-11-12;12;11;2017
1ad909b473c75826fa4c0d95eb3e1e5cb61c4197eaabbdba67aba5e0faa67985;2017-03-30;30;3;2017
3e17f16ab47503393d04db71dbe5f37dad556b4dd47faab801a48a07be122e06;2018-12-23;23;12;2018
fcb6e5a92d292d02191aa368dbe6d513a16a69053f33b7167b6519880039272d;2017-03-19;19;3;2017
9be2c69a3d75639900dd19504c1d7d45a73c7cf71968d8839f9258b65c7484fd;2017-08-16;16;8;2017
7fed0560a03e7050cce1666ae5fbff2d7e8a12d2606653b9376bf9371b8d0458;2018-08-12;12;8;2018
0e636e37b326060633a05d556a33f3a64b5676a65fb7aa82f09424050ada2b1d;2019-01-21;21;1;2019
a87e68cc374e3346f045641d3950d63c9f2e5a5d086e0657d7c3c34097959d4c;2017-02-23;23;2;2017
d68bc9e909ae6f4c306767ce7d16eb9fe4affa088c9cfa99b0f3788f40057727;2017-09-20;20;9;2017
e24626197b72baaf1bfe9b078a161f2a386bc454d777e36f05ca479db238f68d;2018-06-19;19;6;2018
592d6e1f017e988f33500f0b1b3f6dacfe7978cb8ebc1e2ddc116076719d8ac8;2018-03-18;18;3;2018
cf3b8b96c3530c38e9ecb2c4de33643588ec04285092bef0778c047d6c84a230;2017-07-27;27;7;2017
22c8614fdf44e2283cc8e996c441bb53a19a4b24265aa0b8ea1b893c15ae42ce;2017-12-13;13;12;2017
aec3bbed8dd69fdf3ec9dc2c5f8cbb3a0a4c4afe91e141580052b634d41177b9;2019-03-12;12;3;2019
c8f15efb4c51d47f4ae0509b96c6c472192eb347a3f634b5865e7b7c6f2c2f09;2018-06-21;21;6;2018
b275ceab863c63636f16365c55e042ef0cd4136fa48e1b4f81f243a5e4029d31;2017-06-03;3;6;2017
6c96a34e93624f4f7009efaa61403b53277d3ed60f4db1fa2d0f3f6d974e58af;2017-09-30;30;9;2017
bc08e33125e8d6332180ea2d7a26226513a85005f22d06aa813f46ceae0a3a2c;2018-04-10;10;4;2018
80c6b8892768174c3ea38d21a98c91e11bce08fababefebacfbf1d9318dcd174;2017-08-05;5;8;2017
46639a7f21ab6166ee1dc5a7663795b7a35d1d0fd6e2abc2d632bf5e48aba088;2017-05-18;18;5;2017
5bf5d9323a21b09a5b8a67fb0efc243c1071ac61deb274a4031b0899e8caa3f7;2017-12-01;1;12;2017
125fbd92e478291a225eaf7c0c7f8dd12754e0cf1967666d17a307304cfe3156;2018-09-09;9;9;2018
12379d59650a31cb5794cbaff87d3f4d5a8d8cb154ee6d1d684eb972364dafc3;2017-05-27;27;5;2017
cfaf70dc7a6d7d7daa7a3e78a0fd80a494483b5ffb7a5dc85e053320f86e002e;2017-08-11;11;8;2017
9573523c34bfc0cf17edbee47330576b9991415842d032b134a01e435274a1b4;2018-06-13;13;6;2018
dafd7efc6984ff6d8212ecded60f672fb4b1c17fd25667569b2c18d89cf823fa;2017-06-19;19;6;2017
95c53234c400382b6763d12886386f675842e525a77c55f1d76b72d735af73ec;2019-02-03;3;2;2019
42c40ca56bdfd1bc2a75f1e5e03186be4626d6fc2310efefc44ff9106bd6b935;2017-10-21;21;10;2017
464bf1500424ed4351279c8265f00059135bb23d2415a38d52696737bcda3600;2017-11-11;11;11;2017
376dcf8bc8867337ebbb738b023510b1fe5968b76a1b3c6f7c037b71ad13b7aa;2018-10-02;2;10;2018
c2ee3cc78ee9b670e7f239f468542f34e97821eaa4da86676b0dee2065e9007c;2018-02-11;11;2;2018
ec5792a7c05c49f4b528648f66e4093611b32692fe92b374d5572676617f17fc;2018-12-31;31;12;2018
beabe7d662573a40aaa1e620506fd4e7c149cc2ace1b63dda13b0a3a1490d5c7;2017-10-22;22;10;2017
14db2dfcafa21e8e6b133835ca2ef9727415162cf771ce2ad1be4f5aa4b93d28;2018-11-25;25;11;2018
d7ef1743762e8cb0b7ae2e994c1b74b72d2f57202d87d8556509453f4c5f92d8;2017-12-20;20;12;2017
303ecb47912f4d891c83d140a97a2d3120a0735eb5f1ec4fed48ebd527a2793b;2018-08-28;28;8;2018
21709fe8be94c17752f5cff3847af6153103c40556d46e7c319a6655a34bc9b4;2017-05-14;14;5;2017
02bb3431fb8966b8e27a92434487299d2c18a579c5610bd1624c0783ec65fed7;2018-08-07;7;8;2018
abc60985e0bb5b2d3b4d9943f5ad8737843e40d6a78d02f0ab1b2e68621d26c3;2018-04-07;7;4;2018
9c47a4f20c54ecab178c6eb54ef6f35655def6dda0d541f0bc3f55ed27f0aa54;2018-05-22;22;5;2018
40297ec50aa8b8bd80c2b08534adffe1ff922c53e488a79455489c2b3a274c53;2017-05-24;24;5;2017
06261544e81b4325e753bd938d41e17bf2bbc0c4cb67cb81f79150ae82d2f759;2018-08-04;4;8;2018
fab2801378a4abd73497b685aef8f71c2f647405673e54c28d97af35a050faba;2018-02-05;5;2;2018
5793db124f79e5216933b30692bacefaa839239f95f2c41e8a23d46973e39fb6;2017-12-08;8;12;2017
fc1e87ce1e876600c59152d02688ee76b59919878f6a2e74be5f07601e9b5165;2019-01-22;22;1;2019
69c16e9f4111e9e16de3d945889709dc78912f6ecc4a5ce97cf0aa530174af61;2017-02-22;22;2;2017
21a2eed7795976433ff8dd70fb4873c5509b15e935b06a1bfe34228a58e11e39;2018-10-14;14;10;2018
5a9ebb144b4d555b0df345b255fc5b5f312f9bba609ee7c55307af17bca2adc6;2018-02-20;20;2;2018
d739842112ef0cec6a680fda8b833b2bd071c4501412bce662f3bea37489ea76;2017-03-25;25;3;2017
ef4d3af21ad32c0580d67cc19d7a0ce5176307ed8deab946125122cd53ab5018;2017-10-06;6;10;2017
328eeed088c729c39539948bbafb4be7fa0f1966971eb154b8db7cc384fd29e9;2017-08-10;10;8;2017
0fb8a1ff1fd00f9ce535525ddd0843d04cff8191d2c1e220bff0b87d8b9c7753;2018-11-07;7;11;2018
524c1a43a072772811b0f665de7080f55993dfe1e26473f06ad6822dcb71d72b;2018-07-30;30;7;2018
8d476b9753d1b780c0c2c032cff2fa7c47b968e5776a157f2c4ca78ca6087cb3;2017-03-09;9;3;2017
2a43c1d448d13cf0b474e489b3a00e59447c153397bdc29c5d1627adae865c23;2017-04-01;1;4;2017
c7aca949548a0a9829bbf0a156c031804dbe01b6bf6acd0224eed13ab3761d97;2018-11-13;13;11;2018
e37ee4f7a2827b507a4d204d1948777cbb1871c25e6f84d86fe403d26cb8b6e0;2018-10-21;21;10;2018
3b9d3019185dbf501bff4646e3c40be93eab3d0f5be32c0670728535e41736ec;2017-01-29;29;1;2017
2253b07cf1293f2123076406e79121f4144cb000e9cb76fca908f0d07a758fa3;2018-05-23;23;5;2018
2e10c5d10d847d0b2594e426c65801495120a167b9c3c82101f9aa78504f43cb;2017-08-23;23;8;2017
1ff4445c431371539bdc5df45b04b245cee4228fe535eeb7b5c0e0ab9ba6986c;2017-08-27;27;8;2017
7c8c95343bc4a9bfe16bf19165ba48ba340d744a14d16e5ca5eeb439058a2aa5;2018-06-27;27;6;2018
50960e040a5aee1436187b83103a5251c5eaf1e4af4c690892c451ea170dc7b8;2017-07-13;13;7;2017
d72c616a6092487aef1edf8247146473887a18cc9ae08272e7b9d8051711e8a5;2018-09-08;8;9;2018
d2859fd96d71c73fc17e432d35900f4a539d4d7f246fe3afd9160b09bf810da7;2017-03-29;29;3;2017
4202d278471c91abc4d70a52d368c74d32c0129afebd940dc24003fbebeb6884;2018-01-24;24;1;2018
81a38c6d77aaec75b506dec5ce4d908779334c0509ae9f8e31c315cbf33dc3de;2018-09-19;19;9;2018
652b8596bbbadd453dbc3d2a22ec9674310551cf1754988864bd3ea8eee94886;2017-07-20;20;7;2017
04459c5a70bc6221003c3f0f4e5848f8643a1d653c00ba62f3a355cb7ae2f796;2017-06-04;4;6;2017
69e5e324cf83e511187d90134c04c3a8ab811a6c3a9c9fa2d12b3f3ffa1f0003;2017-01-12;12;1;2017
e67d682be4a360f896c8d488e1a689245410ae7dc102bda5c55ccdbf90225036;2018-06-28;28;6;2018
4de12b463e6f12d6b150b55c978b0cef8d417dd0725e6b42b1908bdde7d9e517;2018-09-05;5;9;2018
41701492c30362efedc0a04021e056e12fa43e9986e21a10476d5d18fdd1bb68;2017-04-28;28;4;2017
6dcc8abf7b184efba4cd96be0ba5e6eeb4d6c9fa85a820166d9471cdcd0e711e;2017-02-15;15;2;2017
c4f8804b93dac7c9253cf91afd5b91cdf5ae7092a080d903f3d55c12a891fb0c;2018-07-09;9;7;2018
4ae7a7f1b1768b04cd5358b30bfffe00d3a27e471f33db3feb6e5ac756de51ee;2018-05-15;15;5;2018
be30ec78ad52107f432f2c9aaa7993be950d3ce44b8489f46f0d3b26da97fd29;2017-06-11;11;6;2017
f2d762d0b6b06098cef11e6557034e95f5ac6bf976abc92c9161a28d3be1790d;2018-05-13;13;5;2018
e6f5fc391b9efa75ea979a22aaa02495bab2649fc7453df777583a0acaeb9149;2018-10-01;1;10;2018
56b231bd57990645ecda00a64cf38c72f3de4d4a6117b9e87bd3ea1bb65b7675;2018-01-11;11;1;2018
743d3d9fd1ff560f8d12b3e8b9002789128c736abddcc6ca658f04036df2fea6;2018-01-04;4;1;2018
0813dc59722f28067a556b4b41b5ddc2387f23da9be1b6e999eb9eb0d797f8eb;2017-02-02;2;2;2017
59ca034674112d851ffe00933642ec2ddd7cc390c6aff435903b54e1d1f13589;2018-01-05;5;1;2018
6857522707016d566b5d2db259b6d8ce98be97e309afe6ac59a07a20a39b769d;2017-04-07;7;4;2017
07af14a9daf27938bb59b73537e54c7e8fef845d11b607b45b71958fd7640edc;2017-11-19;19;11;2017
81c02a5eb403792b01b6aba6438a2a074232e3d89463986bf9099ac8bc1f99eb;2018-02-26;26;2;2018
f218397628a5cdd8c44cb7ad44183a46eb85b07581a4385b4e98eb78dc094178;2018-02-21;21;2;2018
bd9f9860a51b8c4ccd845900e0aad6c7271717a0da196ec1ca9939fffb10ff2a;2017-04-23;23;4;2017
1fdde13cc5b3a70ee0e0fc8be05d5721002031707383b01ad9945efb1f0564ea;2017-09-08;8;9;2017
16d4805aaf41c4bec95443d4465e7ab69ddc7b60a7824513f68c2d3f9cf3ac1d;2017-10-14;14;10;2017
bed298375bed16229787782202ea405623c811e00a30f5dbf18e3f5521085f28;2018-04-01;1;4;2018
e513a610dac83866aaf15fd1edcbab861005489fdbfcaf1c7f7b461d59d26625;2017-09-28;28;9;2017
7ae963dd14b193b74b3dec1c0becb45d3544c3068ac494c107965e3a9a788c96;2017-06-16;16;6;2017
49bdaef7c09403792529b453de0e4dde5bd977b3f4f112e3623878027ac13f80;2018-10-16;16;10;2018
8ed3236b24cfcb1a965ecb506bbbd65d637fe5f3c7f60f4ab9f18e9e71528a24;2018-02-15;15;2;2018
93a94845a746faae99826cdbfa4f0c0b8c30be2992e723398ba9d445162e3890;2017-05-06;6;5;2017
dccdb819cd7423fd1fb53f68e202afc4e60c030e830496e9be0822c9c13ec152;2018-02-28;28;2;2018
f87fdfc68d412e7a925db7c24edbdd6f8e48c83739bc8e113f2846cd88f52bc7;2018-11-17;17;11;2018
82f65532abfe0ae1405f15faa031bd97325d99771e725e561fe7c6651844c0b2;2018-07-18;18;7;2018
c80d3e7c3a20ca776b16d35dde15e039c4b5351bf8f522fb80a3dff237d5d89a;2018-05-19;19;5;2018
f45671a13e96b2d8239373616b77ca76b71c734fbaedd01b9d40a166825bea09;2017-08-17;17;8;2017
5bebbb021cadc0611c907c551cb5e04fb19ac91e0fdef55d55451ce7a2ac28ef;2017-05-12;12;5;2017
c0d82e9b3a3edfcb48dea91188a1fe1ffe074997c534d67f1e740b8b7f871dfd;2017-08-06;6;8;2017
e97e2dad15e933246ade5cc740e420e9b3107f9ec95d4125e61cb7dc6dc4cc32;2017-11-03;3;11;2017
bba6dde150d4ab506f2a475ca34c3f4fbb9039875db093982cf8954fb377c3f9;2017-09-01;1;9;2017
db95156195a3b61666b7e59076118f47443c21768e0577a0d58dcb8c8d27b703;2017-07-29;29;7;2017
88384bf7627206f5563dff48185d2087eae06a507281bf6b6b2ee9a7df818054;2018-03-19;19;3;2018
d1782998aeb70892d8de2db010f27ea6db2600611428d08c16bb736e7e38284a;2017-06-30;30;6;2017
bc4b5f983d9cb3ff6e5d4804f070a18e168bcb0ee8844f9a69bff7101f35b258;2017-11-29;29;11;2017
6b4d7e4e4d6289b9d51889546d75f62902b56ad3d117ca15bb9222931b351d76;2018-08-27;27;8;2018
ca87b7024e014744f32c50f47ee350a6a202fee089251860ea3daea78a44d2db;2018-12-29;29;12;2018
e778c23eba1649cd5c0b58b9f50d14e08c1aac2ea795307a55fff8af24ea1abe;2018-08-11;11;8;2018
da4274b0abc24183bd237879a980258dcf83e723216f236637fdfca3139b6880;2018-10-03;3;10;2018
20e735c005613bb3418a8504d2a6250de8cdbb2665928d523285158e6257e770;2018-09-11;11;9;2018
a9ea648394846fad3638ebfcca64d8717ba3f83d29b9b2a124a1b33d6f9a5801;2019-02-13;13;2;2019
6a485905fa366a6e7c201d093acc50510fc27476deed17987204a5bde273afd2;2018-08-22;22;8;2018
64940823e6cdd9cbc901b63317ee89cfdb1de2c0e809fb4aac82d0a9edd025b2;2017-01-13;13;1;2017
36e24b2458bf3d8f8c3ecb8a5c4269f5ee6d0cff58fbc5450601820df9a5a734;2018-12-11;11;12;2018
d889141ebbcb980e229018655ebf415293d92014c3ee6bf4d6f8a20e7c07f77b;2017-08-12;12;8;2017
c47ff595db3121f82256979459966c345a7689aebf0507ff26810f08c6cb4bf6;2018-03-25;25;3;2018
17aa94b3055fa0f058c05e5dee0ef5bb7ea59a710b7204651eb97c3f42471cc5;2018-09-23;23;9;2018
aa014e5dcda2d8ad8fc8f5a85362085feef72addf411c3a910df07f157bd1869;2017-09-07;7;9;2017
9eb9ba5340308a45da40cd67bd953ac3574eb4d98050cbd681be395d9fe7ba9e;2018-06-05;5;6;2018
69e57cfd1f1a090f586eee22e73f1c5a7fcb708799e9ee2f0b6f2f7a3f6d72a4;2017-12-07;7;12;2017
8cf5c232e104be831a184d202ede9a29acdbdb78c7650ae7562a257df6a9fba9;2017-02-04;4;2;2017
78583bcfd69877e24d24f8ace13d143b25d5c71b364d37ad480acee57d14d9ca;2019-01-29;29;1;2019
ee150faca2440a7b0fb6fa71d750a309408e9e3446cc984a71abbd414b48035e;2018-08-06;6;8;2018
9c29db9b5988b9ea67b13a55d3af62f1effc31cd594fceb7800ba960cb636c75;2017-04-05;5;4;2017
a59611f8450186b6c8680313a669f651ad0a630451bc9c73066d2922d83f701c;2018-03-20;20;3;2018
e5c811ecdd03af90d6a18699a858248a3b6d15375a238ecc58c00bb1ca72ef4a;2017-10-26;26;10;2017
cf37f7f872c50a1c194d80e321483625c8d3186fa3d3bc2d01e4b7fee8fa57b3;2019-03-18;18;3;2019
e7878c7d42e82cf42e50677ecbece40ea7cd4af655fd40346bbb61c1a83c8ba4;2017-02-12;12;2;2017
8d5783f1207758d4f5289019c8ddc00d458ff43aad8280f9ef086a3a38322c8b;2017-12-16;16;12;2017
5dc0d5f33d78d529c681c8f1f6c082cf5bb8437d39d69e9db504aae17036f73b;2018-04-09;9;4;2018
3e67b2ce30f1f5953d11e1b5449abad47a87b64d85f3b7e8d533685bdad03768;2017-07-05;5;7;2017
2020f81b4ad6c3d644f9523781ddfc3807cb20c1da6e2400f45c322d23dbc9dd;2017-12-21;21;12;2017
ff231bdafcdf02b72693f80492b17943d19e8db77fad96b6a06d7cca586de327;2019-02-19;19;2;2019
ab319fba40cdb9764dc85adb4f3b200a23b46c7cf0c9ecf510969fc33ca09e0f;2017-04-30;30;4;2017
9809f809364bd73cec662acca4b61248b852e8729d14ef466fc3148e2e7ac1fa;2018-04-22;22;4;2018
add16bb304127a886752a0ebcb23fb5567831cbc1534816a9be5b02b2e0f690b;2018-04-30;30;4;2018
73c3ac375d72f03f6574c4b7153853c7ea2931b86516df8fc7fef67e991520d2;2017-11-23;23;11;2017
1142531ec4a1549ab4fe405ad3a3b7c8d94f88ed1211b1c472a4a38891408989;2017-04-26;26;4;2017
43418272d79ddf1e3e74a0f0acce3ac93230e9214fe2ada3283092ae5e2c9a2c;2018-02-22;22;2;2018
725cdc184c63d32d64d380c4e4220a18d6d735ce2bb8bf3c8ae7735e29ca937f;2018-07-14;14;7;2018
e88c789d29a1ca6279ea987b35c2b74907bf76eb2d3fcaf998078c6907f5e1fe;2019-01-31;31;1;2019
67dab65205bf8f940fe7d8328f368498bd230d90b59ce017375314076a761cc4;2017-12-10;10;12;2017
684b7c8a509ddff4ee9be306ed90c84e78f55cb8e9cdafd1f192b2bc21338c8b;2017-06-28;28;6;2017
a36d8389719c8e8a2836cf84b7f51149c6a2f36b8760bd964d40f68a3a127d80;2017-08-03;3;8;2017
649b8f3d9515634dc9781d382e1e24d5b5099d27cfcdf34a570fcee4d767beec;2018-06-24;24;6;2018
66943df7c049cc2765472ed4a23d21726675a41eafdb1dc2cbfc69edd9ee0056;2018-01-02;2;1;2018
727014fb2e39a917bbfa04fd2598e7180963d9dc654859ce279001561e4a41f2;2019-02-27;27;2;2019
830ec99e0fac695672a5c6e3dc8e5cae13f5a1fd02fc07d7d2bac2bcf8b2759b;2019-03-07;7;3;2019
3dcee85d86681aa3522add9ab8f6460dda4ad1ef3266585ac34b10ad6eafac59;2017-06-18;18;6;2017
f6406cb6121ee7ad7956384275e972f1267e46f03ab480aac39c640098773fba;2019-03-21;21;3;2019
17906b3ac9fe6c5fadc7eaf1150081e3deb2f055fbc01ba9a6ac0d16a6ab22de;2019-01-27;27;1;2019
7789734fac0d6ce4b619d70fecf9a46b5cacb7a2caec7873168d00439b403faa;2017-03-05;5;3;2017
9b95451f61b8e83b01e8760bb76486d57412e5a282472a49179dee298fed2546;2018-09-30;30;9;2018
0f887c44982970300ea8ccecac649158d2f9466dfc14769e9121ab94477b370e;2018-01-16;16;1;2018
327134be932985c212ff14250af9a7d5fac3c9532942e87cd6cc3d06fc1e9e75;2019-01-13;13;1;2019
f7e8f748cf2377f017ccf9836637ed03dacb33dc411ca77d76bc0886c798292a;2017-01-22;22;1;2017
6535fe738c7ce6df90a96509f4f5e4f65f36fa1b5b84a465fd5ae2e7386335f9;2017-07-30;30;7;2017
a1cc9de3dc9c37bc9722911cbfdd1acb4505f6f7d049c7ebe093e10bc819f4c8;2018-04-23;23;4;2018
56ef7a5d2483c8144aa4b4cc72527b4eaabd2223d89c191d2fd3d18d47bfe187;2018-10-06;6;10;2018
3bd7af17e3dc022364a01a9bf0c8c5fc758833e8747ca42d778de8474c38af1e;2017-06-24;24;6;2017
abdd53dceb90a49039eb720603de47705985183c37016380fe754a54e4f94997;2018-04-11;11;4;2018
110acb4ccf1598bb97573312e02cbb2ff387bc54458cd3663a129679f24ec7c2;2018-08-26;26;8;2018
3ff5773a40208f5f4fa35f5c8dabe32e762aaf5a399cb534e6ef53582ace98e7;2017-05-31;31;5;2017
56d48c90b801171805dfad48e1c309cf2adfa927201fbf6b1366543c92218076;2017-06-14;14;6;2017
eb3827ac90aa75d9f860a0b942fc5b68c6982133e8223e8a1be303a36a22c3a1;2017-11-16;16;11;2017
18d81fa20776f4e51eeecbfbaee8a7e23f8f799e3d3593e088ab0dbebb220fe8;2019-01-28;28;1;2019
8db65b00cc3862b111f35ef4c13f21093794a96e0912d2e2426a28c05efc6ef5;2017-10-12;12;10;2017
64048fb49e9eebcd23962e76a81686aec6fcc7e2692140a6b390284fced3d7d8;2018-06-23;23;6;2018
b0021093deea7d30e71fe55f52be653b3c86813c3a4932c744c7eb0fa95edc83;2017-01-19;19;1;2017
404b1347e1f4acde67e51a95102eea12e590c2615e3caca8173a7f9f17ac6570;2017-07-26;26;7;2017
305b7ec5f8500794dac9a1d6d5d60bdbfbf26719fed81523ffbeeefcf97081de;2018-09-04;4;9;2018
21a1f298b73bc9d9927fc8a24c10e65934feb97eaefe0233a878f7ca06f3643c;2018-03-21;21;3;2018
5d81d1744dab692c37e4ba27cbedd695afcb133e43d76b59b5a4db44622526cc;2017-12-23;23;12;2017
12906397643c611983038a35063f36fcf6b3ee131022b15e2e28640188e1c87c;2018-08-21;21;8;2018
5409645168b399e6e88a11dd12c6dc872c0de2377d0df0415b6726450f60bf50;2017-12-09;9;12;2017
34dd0835d987fb03c8db3a3a90d5b31630da9cab953dfc91b3c11d4873dd41c3;2017-05-28;28;5;2017
e3a360eb0b48abb9ff5857de36b8515bd889fb6d65645705db0d53c8fb7b755c;2018-04-24;24;4;2018
26686e4abe866e088d37d748cfd016ff0208b85bf59fb18d7208c6b193153ddd;2018-05-12;12;5;2018
80c98f0a87d5e328453dd5b4a9a251beba11e9ee9e1d7f12ddbb54859d44dc5d;2019-02-04;4;2;2019
e1f9e6d2bca831c76b448c521ea52c64174a25adbda3b38460da0cb26bfad2e8;2017-04-29;29;4;2017
b0ae90afefb5d36f9e214e07ccef5d808056982a483dd203a89bc24d6972143c;2019-01-24;24;1;2019
97051cec427d216b871d26eb6c4d067f532f0caab62f100842617e26f706b1b5;2018-07-31;31;7;2018
98034333844a4fbd43bf415286bc07f1f4f8f4243f881b6eba02dfb54e19650e;2017-11-05;5;11;2017
f43c52a350e3716d968902b92512bbab6b7d97e3265b827870badd411b4b8f38;2017-08-02;2;8;2017
0ee330f04f2c196a2ad4d4fb5b3dd71d44f32873880af458d22cd29e37df0295;2018-11-18;18;11;2018
0bf1ee5e87c6cdfd13e27ac4853deee38423c3b79c5beab2b042641bb001910e;2019-01-16;16;1;2019
d2f3e133c8e54971ba6bf946688d3d4f93e843783376634148ef64f9ba34c76c;2018-06-09;9;6;2018
aec0f9a67d831391664a4d160002c375932df114d1b3d5270b2551418794b08b;2019-03-06;6;3;2019
3e4cea98d2ea1d1a6cd949f0ea72ef4653afed611ca28651d2f6482c99894f2c;2018-08-29;29;8;2018
d65243f73d359160a33a54fb33e087467598fa23966fab800e383830f6e9b72c;2017-06-08;8;6;2017
805e2a467f895a33a787b9af40a68785814602024d030310c67bb920d381af8f;2018-02-04;4;2;2018
df9ed1fb6ff78eb2be26a2d22221c6b8a31caea3f2e31092ca803b6141bb9e79;2018-12-15;15;12;2018
1bcfd721bf7f58ea021534775fc03425f5197d120a9be66e27956f2d86d52d9d;2018-10-17;17;10;2018
908c5ad0e3a85cdeb22051dce906c3b89c462fa3bc5a52438e4f5209adb7ec1d;2019-03-17;17;3;2019
f7fa92f7803953d9abce64c964365121f2d385d0cfd3fa30343fda2d6f06388e;2018-01-08;8;1;2018
0f39892cb76d377a7b96d8039da3a29a49a6ba78dd46fe42387a8034731dc915;2017-04-20;20;4;2017
dbea88370232cc547c5f3987eb340a4f432aa448e1e4efb3468164158c7904bd;2018-08-15;15;8;2018
cd835fe2d34659c0b3d302087638a43c11b974af210d7bef0c5946c0e4d39384;2017-11-01;1;11;2017
f6224029e68d507ecf5d031c5aa4005c9191899bb99c6d25c6e7c802bc202362;2018-01-31;31;1;2018
1fccefe182cf97f15ace5cf4f53dc6468e1e14a5c7055d608f952e77077dd6c3;2017-06-23;23;6;2017
b5590fab236240e969c6bc965a39fac596a7adfa9bb39e105038508d01fe8d07;2017-12-30;30;12;2017
8520af75a49006fc335eae622e1c5ac23511d3e1ae5c1e9b17fb642dd9023340;2017-03-31;31;3;2017
c116b7541ee2f2351a652cec735f071e61d1ecad91ea8297f00cee938c1efdd2;2018-08-18;18;8;2018
98fa314a42298bc30a7d0dac9f0216b9f35c051a8e28dafcc840c80d33079280;2018-10-23;23;10;2018
f569866b419f708f31dcb88af18d61126a0315cbb7e7ba88fa3d759625eb656c;2018-12-22;22;12;2018
2882002abbdc61435c17971af9c28861609e1fcb43d9955d76d07e49d8eee325;2018-07-01;1;7;2018
42dbf479c61fa2c565f4c6316c5f3840aecc64929b8511eae04ad40b01e35b82;2019-03-04;4;3;2019
a948fa3932ef6ce9a5258c8f57a9a1a2a4084e678a48ff590c8e4f5a562d24af;2017-03-23;23;3;2017
dcee3d512774a0f623eb40b16b9015945e6d2537a754467dc7f724d4f9379d5f;2018-07-07;7;7;2018
ef8ef2e7d551ba83cc4d185ed2eb99c9c68416bdce0bfccf56406e408041d5d1;2019-01-14;14;1;2019
98b6f7f23547b3c1ff19d6229dbfdd036f858f93e1374dcce04be5db4a1cf584;2017-02-10;10;2;2017
a659ca957a092cadb1199c3147cd89508168b97e737b00cbe61ca7ba1251e019;2017-09-24;24;9;2017
d055e097ee80f360a261d9ebbdc8fd9aff7e2daf5ce6f5829a4ae7d5c2ceb10e;2017-10-13;13;10;2017
695dddda71130ea982a5f46d9d5d8a72a0fac56203c10313ce06f823b94dc1c8;2017-03-26;26;3;2017
7cadb718da4cebb49a7f04bf174a4a7f9e898cf60d80b8a16dacbc728298ba4a;2018-11-03;3;11;2018
a6e48f2a6e7b81685ef13cdcdffa13562ba10e6dbc60b4cc8fe8292c259c0129;2017-04-06;6;4;2017
6e365f0cd5a45a8eb0ce561924d36ae37ff5c8abf60bbd65cfd5701c206592cf;2017-10-20;20;10;2017
2c3ec09815439090a5f829b30e43ba7fafc877dbb2617037b51530170bf01d88;2018-01-18;18;1;2018
44371b77b8a5ab3b8a8a45075439bde73e7bad70630417d568245c0e63bae76f;2017-12-06;6;12;2017
9bf07173557cbbb5d0c49e0f573fb7b7fee6f3526c49afd57eb8e7e40cfaa07c;2018-05-28;28;5;2018
f4beb68ddba90fa5ba044fe710935dcb408a36f60d16579b1d97a5b77877c531;2018-07-17;17;7;2018
3ba511e0d8257e71d56cd5cf9901b28f6a70999789c69f667c51398551f8af74;2018-05-27;27;5;2018
5df06b03d3d6f5ce4d4b5c5e5e250c0e07e6892feb5716b0347f65e77d51cad8;2018-12-18;18;12;2018
a71228c034873fd49786a411e5317434da5ad820c4bf492b600b6653bed121bb;2017-10-28;28;10;2017
46a70e07251ae01c9881f339dbded9c25c58f5d110c39f412edf0957b2665eb0;2017-05-13;13;5;2017
6d59714cd813152adcde031b33f377974499965ed784c0bbb33f9e987d7f8cc6;2017-10-08;8;10;2017
82a4febd76a5a50d7174f06cc824a2b011d3ec825bdd4ac7cdb08120aa98a7cf;2018-07-24;24;7;2018
6ea3782383cc11ac5e3d1aaa324c1281d4f9e9c7400a6127d0662f29e1990ddb;2018-11-27;27;11;2018
3164661bcd01f7466398706839d485e2c2ae90a8fc2487f31c4dcc353779e1f2;2018-12-19;19;12;2018
2168fccde051af43b3e2a1bf2d6cf58192a3cc3be05beb7913aae39bbf547085;2019-01-09;9;1;2019
8e73d05bd2aa1f892507034a73b05c7c5b6234114b2f530a715d76b9addee241;2018-01-09;9;1;2018
c50b34720a3f13861616efda4dbae32eee6ceab7b6ed5e2f579c89a0e9618063;2017-09-22;22;9;2017
e3902555e28a10b7d576ffc339981e647f6aff30f43dd2bd93e58baf8db44515;2018-10-20;20;10;2018
d408f3ef411e87d7ee188faf0d04c77ec689b872ef6157846ebadcd063a9e58c;2017-02-17;17;2;2017
bcd319444e572e389b4d8a9beabaea263e3ad800720de2356d1ca311683fb729;2018-05-02;2;5;2018
b29f903403de314268ed56252cd9995d0bca11597dc757ef7beadf4dfdfd73d5;2018-02-01;1;2;2018
574af48be2c4bef7695a6e63859ad500fbe2c1021ecfee11f8b8809dc16a60a9;2018-11-19;19;11;2018
a1dd81b7c15e20ac3a8f33dae382cdfc93e162fde4ef2efa70d33be992ac5e10;2019-02-18;18;2;2019
43e6b341e4b4e6d33ac8bb9231190c06888fcab7747769d1c2519868505d8453;2018-08-05;5;8;2018
f702981fc4d1348b463a7ea3bc844312634296d3d96cbc74710e24030db99fd5;2018-05-29;29;5;2018
30041723416af7e3bcfe7674965f2081c57fe044f47bfe2916a65ef9b5d79059;2017-06-09;9;6;2017
77cbd00f2389f57e0a129bca3dd440e5b38b9452e78b42cea4f69552376de938;2017-11-09;9;11;2017
01a904b0a740d05f91a25f1169202da2811feeef4c5686159608f6551a1cc747;2017-02-03;3;2;2017
5c3a73bec90568da0dd9a2b358a6d5896c03f983af1d935a22e7b187a23d3c01;2018-09-16;16;9;2018
4dc6f5908dee39db681b75287c104583d404c59afb4ab89283a2ab4df0beac5a;2018-03-11;11;3;2018
bee068aa3eadd33ff08c8276ed840e3a7d1cccea092ebbd230f5f16b01763756;2017-04-21;21;4;2017
cdc21cbb9d86eb7d050e4993a375021d9f86878fb997198c74f4731a7938e064;2018-02-08;8;2;2018
e4910ed1af4be3f778f49d62681f753180eb65539910c9211d0a366e96764c3f;2017-01-25;25;1;2017
65bd478d89a34c5d25585c85f888e4764fb85afa1fe6fcbf871181946f32aa88;2018-01-03;3;1;2018
b8678a53a68e03b98d518c027d6766a262e15561f6ce0d692648b1b271e00db5;2017-04-13;13;4;2017
d1dfc3ecb065b8df96c3018f5008a7de0dc569788761d405067a04f465d47d43;2018-12-25;25;12;2018
b5565b7db3bebbd73ad2fdddc6e779c1715d2630a02d5131f81b5139a0a61575;2017-03-24;24;3;2017
e19fb8a0af5280a38f362481533b3f955f884056a62d3c29afaebeb771a27db9;2018-06-04;4;6;2018
6cbbf08e81bec897875bd078aa5b10a5ba5b3c75a8b2c9a5c1c5fb270da7ce06;2017-03-04;4;3;2017
5ef5ef8484fbcdc58da226df6bdc529201595cf2ed36acc37ed3b6276238f7d2;2017-07-09;9;7;2017
279e80032c490cdb1b3752eb3a93d5246668c933b5a0571b79d35a5e7dbbf33a;2018-02-25;25;2;2018
524d8f21669101d4a337e6255d450a409bbb602c15d5844af91396cab876a0f9;2018-08-20;20;8;2018
5866b76e63e345f60720aa4d52a22296663327bda3daf403b5bfe2ba4783b38b;2018-02-27;27;2;2018
0e8437b38c714a80927a9eaef7c2ce1cabe5a8ffd907fa763485344cdf7b0c17;2017-04-27;27;4;2017
784ac2a0c691f2c0d608d37ef4e7956d69f6fa1ea3af29cb6040db82b9f06eec;2017-11-15;15;11;2017
2314b673b9de1c6bda52b7419b7454a49633b84ec89c859c98750b5e31785e09;2017-11-08;8;11;2017
df44d98d72d367373e68edcec7d9cb0f96c9d18a0fc6a822cb8394e61fa2cf9c;2018-12-10;10;12;2018
3adde81d1b0de24fdb3af66cd4e540aff67f3dcc6daeffb4b5a4f321c1e76712;2017-03-16;16;3;2017
94e1ea3e9a797250c2e2066d1b769233532c2b2ab3238a7fdbf73a2407b0d4dd;2018-07-23;23;7;2018
3e6a5cb479559f509e18f40505bd0035afc4a8271550b1c177503c2c8b08dc20;2018-03-24;24;3;2018
5e0b60dad5b58e74b563510d74070732914f8fd3f9f2c76f88bf0405f8ca6f67;2017-07-19;19;7;2017
a85300f9d3c595dd166f4886d368849fbecbcc075469d09e5271ea18a3b34544;2017-01-18;18;1;2017
fd554b0cfea8c4c6f46251e599500c0759a5db9e0cec3380ef4a453ca31645e7;2019-02-12;12;2;2019
6ebbd90b83f8207e9287387fd4a01173cea8c4042822c339e7529cd27e296255;2017-10-04;4;10;2017
03bbe2c69a001c488e43ea04999309b946803e3b35fb392ff7df5d6549fea388;2017-07-23;23;7;2017
83c6cc1fe8ef1835f35619a38b2d1a16aedc4fa682da8df7500765651f170dbe;2018-11-26;26;11;2018
a1ef640b13e115ace83698b00ce7d13d18218b02c65ef440832d3ec10b943821;2019-03-20;20;3;2019
772238a5d1786cb1ea04b30e51c890792d773d250442cbf10fc7a2b13d973fe4;2018-11-20;20;11;2018
295de3ba866b8a33793e1226a39ec3a769c63910435f1cc7168f0fecf4aaa969;2017-01-26;26;1;2017
11a12c834334b2be5b8f73a6f253a679cef9c6407e24bd358088143abbd49b25;2017-02-09;9;2;2017
7828f70bf761506c1873dc6f4ddf4c6c27553c63a295cb0598119ab85c7d4112;2018-10-07;7;10;2018
d6ae840b3253ddbe064e5dcc9f1f3ebd5f5667663ddeb80b27fd351d47db8678;2017-10-07;7;10;2017
37ad80641aaab85c2f361995ba860c6f4a805099338cb305a6459bc05394d0da;2018-01-22;22;1;2018
f977e31be310f3bb9521108c4e6513e5170e1f89a38940dacd4448c63f147df1;2017-11-18;18;11;2017
310b9911e4e2048949b04bc335390fff39da6abaf7ee2b14b692ee67789039ec;2017-06-29;29;6;2017
998af5f5499277c4d704d4dfe0413168c0545aa2db4eae98f69356ab487b94f6;2017-09-03;3;9;2017
289e80d5f807b510f9c97e2aba0ef6a1603a57185db5a18bf8eb475061c7b8d6;2018-10-13;13;10;2018
82cf3b18ef6b4c3d92771e228441634a6918142133c99ba3bc70b523a105a8ce;2018-04-15;15;4;2018
bafb4ff3704f100738aa7c9ffdad5ff1ba36c44c936900bf636a72945f0fb5d2;2018-04-08;8;4;2018
c66b218a5bac88d89d8964a02450597dcf0e72daf7e92b7d37aaf90af21d9d61;2019-02-25;25;2;2019
12b80d9085f37a5c0f6b6ce94b1fbb172d22f33d323cf87d17bb80cc75366ac6;2018-10-10;10;10;2018
b49ec9c179508f542df913a8e5e5f9ad8a7cdc49e2b04ce9d30e236d0398ac52;2017-05-05;5;5;2017
d74a0b1e455e72c314d8946b8717cc527da25f668de84ccefd3a00196d207516;2017-10-29;29;10;2017
ff50cc759175d8d4d022eb04cfaa7f8b17ef69d053fcff66f13d19d907fc1df9;2018-06-18;18;6;2018
271f0382ccd7dfc0d7da0db5452abc4182deedbfda4bede75f49a3f1f67bdc9c;2018-09-17;17;9;2018
8b0fb2e7fdd3f3788cc209828cae18df97c514f09fc46a6b6d5fa2045ac1e128;2018-04-28;28;4;2018
c762fb28133ee9e00589c0f1c1701e9eb9ea3fc973293d05dcdc189fa42a3cfa;2018-04-29;29;4;2018
5441302400979741324a523bfed738d4c6b0c46cf9f28bd51f0b8749779be187;2018-11-14;14;11;2018
9c37e68ae018d09f2ffc0160cd018df49eab7a5db5f7bcd3b01475c2b57b6931;2017-08-25;25;8;2017
59b378df1892ad73f9e64eb37060726c07891131de078e540ee179f5c4ac3b92;2018-04-25;25;4;2018
511348b9228db7303f284477e1ea5568f30d517041f3a189a58edff8b6bfbcdd;2017-03-02;2;3;2017
091f2389a82ae256ac66a815de07af37d150ba187ed52d2e80be2efd42e8b009;2017-11-02;2;11;2017
344848751959b28e75e5ae5a8a5f2d971ac6348e3486c27bdab57879e6ada4a3;2017-11-26;26;11;2017
7dc3e8ef1c901226a1f67d368627cd5a88c85e5fa4e8ee0b7afe85a62ad0a38f;2017-03-12;12;3;2017
a8f03a0b72dc3b816c35e6ad7bcf6446a9e11fed222972e7149335c8a98be310;2018-02-14;14;2;2018
efb7c7023bc0216d6e670e718abe836ea22a5c245b2cee3cb6b4b0b94c40d17c;2018-08-25;25;8;2018
c116efd5f511ff9772d4aa544d996349dd42b8fce5ffeb42218ebdf171befc4d;2019-02-28;28;2;2019
2df4fb86411ab683e4322376a132a373b1ca0c2ef282ade640a3ae3b3a70ef3c;2018-05-06;6;5;2018
34471b611fbb973569a578d213a2bb42167d6c1f5aba5e18a7a90ed9894c22fe;2018-11-04;4;11;2018
5c836c6084f6109bde2c58313a581f715c428598deb17813b481944600f9455f;2018-09-24;24;9;2018
af6bf6e3b0d17c73693d5468672d88e2d2cd36c669389d195454618d68e9cc33;2017-05-25;25;5;2017
f08fdf9ccd856b0170d0ac79d151e9abd9cab26dc16adc9407ad20af3e0ec2a1;2018-05-20;20;5;2018
4f2a349df9b1e9fbda931e287518004002f1d493520ba5c68db20e5ed6b38f96;2018-06-25;25;6;2018
552ccdd87909f2c24976cc0c0aa10af949f60b87860877956054a09e0ff92a85;2019-01-08;8;1;2019
fac4243169666035e9441b7df10eaf1936ade7fa62c5feff49ee3f8f14f62776;2017-07-28;28;7;2017
baa75a4dea98677e75f2297a9c155dec65a1807887cdac8028e3cafb0c1fd59b;2018-12-24;24;12;2018
1bc6439c428afe59bb5e16390f011ce966e278b18952d173ec691be23369c93f;2018-10-22;22;10;2018
da4b718aac686ab1470b8613900c5b2d19eaaf5fe4529bcb8129d93ba5c9450a;2017-11-17;17;11;2017
2f20451ffa67c7681d6b400911fe8cd57840861f0b855da4b943899ab4ecee52;2017-09-02;2;9;2017
54375634ce8ae94ca2b1613711a04a75df140b8705d94fa8a9b7917d6956e597;2017-07-01;1;7;2017
b996852ba0b9f2d0c3a4eaf1758673225d7dfa0c96562f3975b2a11a4fd5daca;2017-05-21;21;5;2017
3be7a862654b55d2167ad766ada088fd7711d36813cc7716eaf39a2125307a2f;2017-12-14;14;12;2017
3baa33f5b9c5de5814b571a8e771e032f125cecbcb1cbc44b97d37e79937fb4e;2018-07-11;11;7;2018
bd2af29c691c658e1607e331b6a30077f613762ddd87e10be69f9ebf211fb09c;2018-03-07;7;3;2018
82dd5b8dc9e2a7c377bf415a648bf0457c99051c7ad1665107214ea00c360a26;2017-09-27;27;9;2017
2d40ad055b15461df94d7ac193740f269c859afe7715127aa9fa6553c2f7df77;2018-05-08;8;5;2018
5acc866751c300c0453b6e6cfa7fba9485758dab01213d626b00241d4cbb75b7;2018-01-23;23;1;2018
b35af671a53f8bc76c1443c30a4fba78d39f434298e4d8e50980bde650caace5;2018-08-19;19;8;2018
22d82ede01b3042cd2ccdfc4a805108116dd1d93c7c32c8a6201995a3e12defb;2017-12-24;24;12;2017
f46f401c46e8d5b035390b2fc4028406a2d185da5c880a3226a3d5b2a23a3485;2017-12-22;22;12;2017
b19415a67174e5cc5f5c6f38afc5435ad1d80afa077361d302e531bcd818c13d;2018-11-10;10;11;2018
60e9490b97f4e9e157804076a4e1287d2a4091970bd049e53d4c502d7b32bc39;2017-08-04;4;8;2017
94bad65beec46de7658405ee060f742cacd7257d408cf036a219c6f9a6e96718;2018-09-18;18;9;2018
db7deb10c95848f735047f99c787db8acd8009503ee07995279e90b975630b92;2017-10-18;18;10;2017
d0d5c365be7425d72428f61cb35cd4c6cb02253f5cef0d807e8fc6d8f816283b;2018-11-05;5;11;2018
336b6c76708d57854d3e312b6c45f861eeec13852fd6c5d778470748590aa5f7;2017-06-10;10;6;2017
ff5fef6df30c2eb7443aeb4a9322510df9a9ef4784545fd2162db6860c0fe45e;2017-08-20;20;8;2017
3ff6605e97e02b060c3745e61bd0739c8907faf391c757024de23d18e76e7829;2018-03-26;26;3;2018
819abf674bd7e1273622560e6e4f85acee4b89711c2ebc7e20a1fead2104bfae;2018-06-16;16;6;2018
c5d0a5c697fe165d7f35e383a882332bf498fd77a8768e781da46982ea01edcb;2018-05-14;14;5;2018
e2998da2cccff0699c1ee71cd7869e1cb7dc27b02a9a6c91f46455f7ff6050fc;2018-06-30;30;6;2018
e50fd7d32ddfb445999624361a69b621fa0926cf47236e44f6ab5cf669604ff5;2018-11-24;24;11;2018
4b94bd94608e4a10a259db33b9a2f8007c4d59504260a78e09c8bf7c75940562;2017-03-10;10;3;2017
9da77e89257576f079165e56b2b8ea48a7decaafe8335ddd7673701f4daafaa2;2018-09-10;10;9;2018
585af1b060540ccf178c6a4e71b1f6a17cb03c8cd14e11040b5ec65986c3c3b6;2018-11-28;28;11;2018
6fa5a334bbb1e486f3ac29194a4123234c5452051549e691a37f034e8d587316;2018-09-25;25;9;2018
955f2b90e97c60f1d987c961ce9262755a05edabce405b4904ae623843130db5;2017-10-05;5;10;2017
01533d230c4f1d76a09a65ae82fa46b556d64fbe73565b6999c804fb0046b969;2019-01-07;7;1;2019
9859abee9fe857278e2a8de96841f82d1dc4edae675d1e7007a1863fd9281bb1;2019-02-10;10;2;2019
993c8da60e8bdfa51e2efbd3c380e66cd55df1bafafceb76899c4479e6fc62dc;2017-07-06;6;7;2017
c6fa994062e11ed458b6f7874fb6fed9cbd836a71debeaaa63746ff2d584acad;2018-07-28;28;7;2018
a4b74a9122f265e478023485a90027c06a1cf9b6d78b82d41c138ea397b476af;2018-06-03;3;6;2018
5b100d1075e10140509f7eaf3f0b25f0ffc476e6e514e54159c4cf2321e8f7d4;2017-04-09;9;4;2017
9e67974c917348153363e122fb5970c08ff0d126bd772f7592c5a16de9782321;2018-04-21;21;4;2018
a435a5a3508ac4f1618708ed460177d9d7ebae62e134b55b3778cb67d2999dcd;2017-02-24;24;2;2017
89e7fd163a415eaf3e6c355bbfb413d06eee51403e870a3a6053bb093e216e7b;2018-04-17;17;4;2018
4be9c10b0a314d2f8abea51b7a8805eb7e9ca2c13a8c17d4bbffbfbd608544f6;2017-09-15;15;9;2017
f83b4f78d3b8a19a5b95be6c9c43aa21b9b1f6673e36aceec686ffbcdc507722;2018-07-08;8;7;2018
9e6b34550ef0466b7eeeb3de8316f485cb434c082c6584938c3c18641b54dd4d;2018-03-05;5;3;2018
4adaa7fe622e7d9336305a9a8244dc6d106d5f21ea3825021dec8ab05e021a2d;2017-03-03;3;3;2017
fa0956f8547995fa9a9b3b6de7fb1c454158fcebe355daa990454cbdcb80b6b6;2018-04-02;2;4;2018
f6502c90dbb8ab0e70136f7787ae624a2d0bcf7db7b67a9535a3ca8ddb8c89ea;2018-01-06;6;1;2018
074f307dbab9b076ba850970666291b0cec33f02c148acffb2c2700705b7223a;2018-05-09;9;5;2018
6f6e931e29eb2d998c50bb715f290f87d402f28a4bf491b4b72795332a71e9c3;2017-09-16;16;9;2017
6440236ccba6ac4cbb1703772ac60c4313a5e5fbb0456b128c4f9e866876423b;2017-06-17;17;6;2017
ce03963fb9e1a6b8f9d67cc310bef105531e758192d1d8ad104c775959067b81;2017-09-17;17;9;2017
6b77c163de360216d753f5f3096aca5fa2eeadbd3be11c99836317f99719d873;2018-06-10;10;6;2018
67c93af9c3136fdb2fd06dd6b219016fb18cc02a700a06caea1d4d28b51910d3;2018-12-30;30;12;2018
0c5dfe1ee6a56247896097773079de95ef9169c3084f8cac6f6c075727a3551d;2018-12-26;26;12;2018
e31a64ccd131682d63110499dc6cb4dbb6698dcd174c41024208ceb9bc380cc8;2017-05-04;4;5;2017
90dad5d757ee1a398f227e0588e754c92f0681d1b6d51933f9358f7a8f78d56f;2018-12-17;17;12;2018
8fe5ba20b59605299cc8bfb392e4141bd8dfa163341654cbe4dbf4a311667108;2017-06-22;22;6;2017
6f0ec73d758ae837c05c8d84d65dcf0a5ee3511e0f74ea613fe931e7def38d4d;2018-07-29;29;7;2018
1876fd2274ac898880fb894094bd1191526f003d70f76f1139b187356ea43bb4;2018-05-16;16;5;2018
be0f8bf26afa4ef938c96cf22d5da414fd1eada0891b682371688ab698bcd577;2018-10-27;27;10;2018
d93b401626d1726c144b2c9ea746dd7d64b08ede63c922683b45f69489139fbd;2019-01-23;23;1;2019
bc358e003da91e990d14da5db8e5ef9bf8590e0c0754ca31217c822696d06ea8;2017-09-23;23;9;2017
8f7d50ecd617c29877bfad9f917f5ab9e9390bc0e51f5d1e589dfcd099708b77;2019-01-30;30;1;2019
6b5f42cf9980acce8bb444bbc9264e379f1f970344050385beed41f3b926ffc2;2018-03-28;28;3;2018
0fc393f3895be371cffd291a6ff8b0d955fbbc692304d846d98307f5c076de16;2018-06-26;26;6;2018
ff4c1a41794d66427d03b52147d1a130409275bec911fff27b17eeea261269bb;2018-02-07;7;2;2018
cdfd7199a10086017c72159c8b9c2f88d3acb055cb16dcfe7e959de96ef1a623;2018-01-07;7;1;2018
882c813e07fdf813f75b16eb27f3ffab42415793665fa4201fa435d229962945;2017-09-09;9;9;2017
34f6c2613e8db9d4e6240e681fab6c09dcad26fe4dbabb6b47d37d6e5808d962;2018-01-28;28;1;2018
eff573069363e80550b39edba8e9c3a59f0f8f3290e2cb4c28b7a3b4dd4259f1;2017-01-27;27;1;2017
d57608e440037d4b99504320da4a8f9eed61eb5a5a0db0d0e443f0daa1431d0a;2019-01-06;6;1;2019
74a768b20e893890f0bcf3110d80a7e2a28a6393009cf1953a57daffd3ed285f;2017-01-28;28;1;2017
4e635b37b62f1903c596dbe22e9e5d4e0d6d799638d5dc78d8f97a9e98022f2c;2017-12-28;28;12;2017
1b36a560c8867472f9d23b6be4b4cf8e97e301018cccae6b2dc26f74eb9ef9c4;2018-05-07;7;5;2018
f937169593b20da8fb3f3710f3491f5123996a5bb90f62c2e81356e6bd01863d;2017-12-03;3;12;2017
5e6978b76f7231ef66fbf60f76687d6e869a6799a3cdd175b518edf0798e0fdb;2019-03-19;19;3;2019
102268cf582d4913c1bf5fe134b12418b584588f6c5d495e58f5e978b53ab793;2019-03-10;10;3;2019
eb709a02df6db4fb6832a24cc32b33376d79e2227bec43c8360985c7bb6d428b;2017-02-08;8;2;2017
0cb4558a4ea9a5c1e4abdecd876c87a79fa13c5617a3917d026af3eddfbcd33c;2017-08-09;9;8;2017
92d2f32b2ddbe36a6a575fa73850d25ff04f89356df5d5ae0ed54dbb6395f62b;2019-01-03;3;1;2019
48e940e1cd554aa048a35f6d36314ab38e0d0d4dd9f67b68f727e50ba8341abf;2018-08-08;8;8;2018
d4cb3c6c43adafee7fa594b3e7b44f624cd6a1d5d1d2034aa45800630c824b49;2017-03-18;18;3;2017
3d62b475787167193bc401b85608f4efdef23ad4b1a43b68e9c63abd5aa0ad88;2017-12-31;31;12;2017
e1dac3195402d68dc0a57b8eab86809a99c640cf3b6edaaaf40251b45b46c64f;2018-06-17;17;6;2018
fe968d1aeb6382b8a7a65daa9a7d1fcc5a17915ac9e9113716518e42b5913bf2;2017-07-22;22;7;2017
799df425fceb6d0cd07fd23e2f59b8f439a3e561934c388e60294f328164db84;2018-06-07;7;6;2018
13a1125d6266aba434d4ca0b9ebb6444aafd58fd464fed0354b3b6ab80bd4f4c;2017-10-11;11;10;2017
3077fdd40c0091a1696cbaa1ff8aeb5137d5ecb467609907d77968b2326cf6e9;2019-02-06;6;2;2019
5f8d8e537b67a265b1136572ddf8e7568c8e48d124fe91980b5f40d57bda757c;2017-07-08;8;7;2017
34b7438ea0d52c142b49ff55c4a506119ae1b0329de0a4ed83ffea5623e0e108;2018-12-09;9;12;2018
3fe862a424c0ab3fd96f54b4602e44c794c87f334e227799a3ef98d27668c297;2018-11-11;11;11;2018
a92df859a707f7d510846dcb1b559a07af060ba28c8314b71ce0dc2ac4781054;2017-07-12;12;7;2017
dc255d7c6bf69dcbafc64a374e3c21ead59a557fb32ace9a42c5388edad420d2;2017-03-17;17;3;2017
1c75cad8af75e5222fb142125e83366b0565bc01af6ba3519913e170b3a4ca36;2017-12-29;29;12;2017
b5e8bf19a0e2b1249cdbf6b5e50299f1bcf4d011dac64f86f7d2d89ad48a0509;2017-02-11;11;2;2017
e870bc03db84ed6099bb079ee399e1d19a0845347855d6ece72bdad4408233ca;2017-02-25;25;2;2017
6c672d98edcd73acc76f20c3d40c74e861b2a9673629f145e1029b7ae9d47966;2018-09-29;29;9;2018
3df0de926b4edf13b3d9f0dbff86ac4952e70b9e0c30d90f1bdf7354af25c402;2018-09-02;2;9;2018
cb86a2cbb6cf2fa9f7850690834afb9dc1d1f6ea1d90909bff8050a4c2edc389;2018-07-10;10;7;2018
2205fa8f103365c09a068e7b5c174a5e21c8625a720ad6e979f916e7cdedaff4;2018-05-01;1;5;2018
2cef4af557bbc044e0ab44e17ddf564fa7ae26bd6e9ee0e576bc66a91a345aba;2018-01-21;21;1;2018
92c0ff9c9e967ea0110c3fc45b8cef686ce42ff35cfdb4b9e245a4cca9ce34ea;2017-07-03;3;7;2017
9bedda61c8a02e2c111c69307d1f6be6ef173f522d0e6bc87dd0e16c3c50964d;2018-06-02;2;6;2018
998a6b4c11a8cdeb1087f2e65853382236c1b45c61ad373915170d39fc1604b2;2018-12-02;2;12;2018
94ea6a432341ad1e1b4e1dfe9a6a14ea9d74a88453ddea5c4f746c69d7afd926;2018-09-22;22;9;2018
41cb610bca19b0c9ee809cfbc42691117ff65ce8857efbe7df3811d072816a9b;2017-06-21;21;6;2017
b7b634381c5f2717e71cb3f728f8ce74b9ab90213e4bca8d5f6ab65a9132058c;2018-08-13;13;8;2018
71accc04a6afd8258b21d57d0d5fe3ea5d1756349af6ab19f60461e678f27799;2017-06-25;25;6;2017
ae6d8ad218cb01aabb765b4a15c7999abcd9b7527c3becc51f6a777eaff02d71;2017-09-21;21;9;2017
cf7e8658ee19628a039d4a251ecc663f0b0a024931c2a56ab0381234b18bd993;2018-04-18;18;4;2018
d49bf9a5cd2065a266efece48795f47b490ce85c62e76cb76cf9cf1c02e5fc84;2019-01-20;20;1;2019
895f6c6546d37461d4d5a7b70e6259c668e7fa817712fef1cadffc9426b8f069;2017-02-05;5;2;2017
03eacaf2252377c38d336433400bdcc1dbf88dcbec785b8d9bbc56f6c5ac867b;2017-07-14;14;7;2017
77776b68c2bc8e5314485c4af05e3265061284e55360c32a603259fe518efa36;2018-01-10;10;1;2018
26b544d14e2e93a3100a608012fc5ef70f0c04d0eaa4909c39cd1e2f02db7c40;2019-01-01;1;1;2019
98e29b3c58b48538bc403890f3114b4b41ca023f958dd41287de3e724108fe12;2019-02-05;5;2;2019
33865ada9c0ca7f29c4944aad3fc6ab9d5b982d96969066f345f72800c917436;2017-03-08;8;3;2017
c1584c5c507b079d310ae48f2664637ccca14166f8175f69c6b25fd90413f3c8;2018-02-13;13;2;2018
f8178f58a244def6340c5726d17adb30bcd098ed264caf866427a9464a7ec225;2018-10-24;24;10;2018
6f31ea77f78b26b95dddb9d38a1dd071e93e858a7c6a612681033c1d9e35571b;2017-08-31;31;8;2017
a4e83acdc6f6f63479a09eee2b51f018ef49d5f8790886a66f3e446812803c2c;2017-03-11;11;3;2017
ecf66d3c0ce6ac9a412e43f692d3b2e4d181159780089f065bac1c9d98a103eb;2017-11-10;10;11;2017
c39975f14bdced0905fff4ed008bb85a65700d156cc43e7f61a31b7eb87397d0;2018-04-16;16;4;2018
9c314430204516e69e8c54fb847de23f0e57c871cff4978c9ce816e45d2ae840;2018-08-01;1;8;2018
8dc8fa9aa532cebbd12c7ac03ef2e0d97eaadc636f9891cd3a265f422ca521d5;2017-04-02;2;4;2017
2944f23f2ed7e530dfb8e3f9a8bed593e0e49e84f34587f2b7ea379000506ff6;2019-03-13;13;3;2019
6d0dadb110aec8e600030e4ebe8073d606e5fa0c8f712a230bb0bda40fb755f3;2017-06-01;1;6;2017
eecc5d767097e6cb6eea3995e13dedbb42222aca1b3ee1d775516c47b84c2bc3;2018-03-12;12;3;2018
e5af274f9fad81d0676fac0066b79e6f5e984d536f7a3829a6165a49584b463c;2018-07-02;2;7;2018
9314c9677a6df3c5513132df3cc79b8ff3792c45617b957815b3e4f053ff184e;2019-02-21;21;2;2019
e368aa193423fffd1c71d824f0a98a3b60c7e6cb6dae7ef704dcf2bbe99a79ce;2017-02-19;19;2;2017
ceb0fa8b481b56fe2ce3afce97114c5c1de0563b72c2d677d52eb61b89422839;2017-08-26;26;8;2017
5badf2f7fac0754f1daa8169ea804b7953ac8aac7f13306a1b918111070438a8;2018-01-30;30;1;2018
de26cc7f197b9e65114f0624a78246bf4726940688395a52a996bf28472b4910;2017-12-27;27;12;2017
73885a8b95ee12f3eb359918b3c797bcd0d3046ef3cebf00f6d7f23cd88ee89c;2017-07-21;21;7;2017
81aac0f21c1a27e84fba49da5973a7f505c49e636783eec883e480d87486f539;2017-08-13;13;8;2017
644d78d28f4e978f552f0ec4f7e88afb2ee333b7388c85ce49432321aaa67132;2017-09-06;6;9;2017
752ad5963303fc76c485d621fd431391464267e89892a49e9a6c911e1c78903f;2019-03-11;11;3;2019
7a008aed84cab5ff5320df585f742c046d2944b7e81512fefe4ef4ae79f43c58;2018-10-31;31;10;2018
e9cba4d5d5e734d9df3b34d23936a6dd22bd8d753133b3e4162597b380552310;2017-05-20;20;5;2017
708417576181a03dcb566dd705b2c59723f6d1c405c8c7cd4058eeb5387b8aa6;2019-02-17;17;2;2019
00dde2f4eadf42468d28986f50b086c4a8d697ce9c749244f50cb76e27171758;2018-01-25;25;1;2018
bf9b777db2336c71d409b387eb2bc0c2d1cbc94c790fe4fc5e53f181126459bf;2018-10-30;30;10;2018
2f777d175d06f4fb4946d4cb11e6351cbaa64d705f6794515410a181187badad;2017-03-01;1;3;2017
5e1640fe8c3ac0ea3cbf03a679332de0d2caf699c3fd0faa2c4093cbea93fab3;2017-08-18;18;8;2017
7dc0170b4a93573480bc6d9761933db22fc95123bc3ac116fb0942bb30dc0d16;2018-03-04;4;3;2018
41f2b33b72ea0c3092840ba960229bba6390a96c489efd355f722aa7de7138f5;2018-01-01;1;1;2018
50a9221053895ce680df6b48bb435eee6805e857819cebe64c9fb4355e0dd308;2018-03-14;14;3;2018
d00772525afa7762e01cda7d796fa5688c51b041c755159e2fbfc8893a566f36;2018-10-28;28;10;2018
ffef81c3f58f5a3af7df42a2034e38c2beaee7cd428b867f31a97ca95c332038;2017-08-19;19;8;2017
0b430620e494bfc093f0c44f1d8bdbfaa0d8cc90e715fefba3f42255ee1e5924;2018-11-12;12;11;2018
863273daa9342f18e7a469c3f5080133c24670a07f6d66b5ea2ab35d1ae1760b;2017-12-02;2;12;2017
03f9a2744cbd1d9db329856f71aa5cd48f7f0b118466595da6c28118d59f14d5;2018-01-17;17;1;2018
75640e01b001780c206cbe7d055f9dfaa7fa1673b3bb7ff4e4ca010acc6f01eb;2017-05-03;3;5;2017
c57972ef321343d80afb70148853baaf8be3ad8255505f1319ac097d59865d93;2018-06-11;11;6;2018
6c413fb119a57ec45a5cbf9aea8ca029da00bb329d0421bef3d395314e33fa20;2018-05-21;21;5;2018
28acd441f0a23fa5f92a869a8a661920a4e8678ffaed5e32240d51954a80e5e3;2017-02-26;26;2;2017
f412fd0eed69d7e09162a56535ddca93bc918c806ad8438f130911995efa7bc9;2018-12-05;5;12;2018
9164c479b479fcfbdefe773c646856c58289e205cece930b0043b8f36bb7be6e;2018-03-17;17;3;2018
aa266f4442b4cb2249aa581890bef725e852c35ab7139609190f24ee202a3a87;2019-03-05;5;3;2019
2166c38121e95ebb8664d4e84690eec5d5df0d0575825bfcd79fe4991c35d8be;2017-09-29;29;9;2017
aff052269ca2882a1e44d33e4d466f174f46add7f5ba5d7b94525d674838e766;2018-12-16;16;12;2018
3d12b23aaf7e26261f947162c9424ed90e3c73330252d3c647f13dc08f5916e0;2018-09-26;26;9;2018
55af1766d0d6d1c06817ab7c579424a0e2de2bd89dfb0ac32ed2b2eaae62488a;2019-02-20;20;2;2019
690c3377a2f070bc97714a695c6a2b10c2528d4103e3f16a49f44c1c325add36;2017-05-11;11;5;2017
fe1eb5b3744f705cffb1ad3e73e32b1c8fb44046b452299eac6cea8d689fec7f;2019-02-07;7;2;2019
514e9481851c7e9f8f5cf86eb16c1985e5fa499f7d1cb483989c0e831da6abc4;2017-10-19;19;10;2017
35a7533ff796a6c23e4922ac08073b3f6d109805883225e1ae7d0395d710cf48;2018-07-25;25;7;2018
2b2af05a81faefae628b5da0c9d31063e15f7895db70282b959d9a500ca95ad6;2017-09-14;14;9;2017
ef45501f76c8ac97a921391d8b8d7fa86761afb73e3218c64071be16c2e07373;2017-08-30;30;8;2017
af3e60e10ac8a243f4c6263e3b84525093685fc99143ee1919d9518c85514bf9;2017-12-15;15;12;2017
d48ee4c97f6120160b3fd929a427b1f7fa8e6989401c0ab63183161e05e43481;2017-04-19;19;4;2017
68d52a10eec16c8aba08fee725d9f524781c3a1295f6dd2e02bc4fee7090c397;2017-01-20;20;1;2017
1a8655fe7f97dfdcf8f09edc0f3941c1d472d3398b946530dcbcacbc9517690a;2017-05-07;7;5;2017
4e4231885e3336ad2378cb286685f5df0dd14f579a01c199148eef5f75658ca1;2017-06-02;2;6;2017
d3577bc550e7ef5d3e1a9e5aa59d8082a86191e356967d8c809b078bfe3d678c;2017-12-17;17;12;2017
972a9bd80294e4066419c681462a53183b6c678056f1b5d7179b2ad65edbc3ac;2018-01-14;14;1;2018
8ac0ec2708b06dfa03fe3165f36b030391024448e48bf442cdd8051fdd9ed1b9;2017-07-07;7;7;2017
e42051f1759ddcc556dfc5ab8bfc3282119c23e2c21e2d6b312f57cf59b29f18;2018-03-27;27;3;2018
c6bd45a9319883c18e6f3dc1d0302cf1c8e39f4c277712742cad1797d93df653;2018-07-15;15;7;2018
b044c0fcaf7973b7588ab4b9439dc3e07f005eaec573f682cb087fbb4f945e8e;2018-10-09;9;10;2018
bb17120d730b84afb4cf5366ce70e7c43ae6fde59eaaa18011f750b427c54b28;2018-02-06;6;2;2018
d504c6b670960743d0d4b3af862fadb533179f23079a576f765e41a98044a341;2017-10-27;27;10;2017
ca256856a94b87f25c3c944f80d7cae73a1cde2b8c2497334106368a27697797;2017-06-15;15;6;2017
bf893cef4206177e3d220d38c65187dd4ff3f0d055a9aa38f612c319045e0763;2017-11-25;25;11;2017
5bd7c738d8c9bdb2985aec7431cdb3d457b4daf0a2b2a70ffbebd2ed9b745a41;2017-02-16;16;2;2017
